{"cameraMode":{"drawMode":0,"name":"Shaded","section":"Shading Mode"},"sceneLighting":false,"audioPlay":false,"sceneViewState":{"m_AlwaysRefresh":false,"showFog":true,"showSkybox":false,"showFlares":true,"showImageEffects":true,"showParticleSystems":true,"showVisualEffectGraphs":true,"m_FxEnabled":true},"in2DMode":false,"pivot":{"x":0.4791746735572815,"y":-0.5507853031158447,"z":-0.02226344123482704},"rotation":{"x":-0.24913951754570008,"y":0.6240391731262207,"z":-0.7072342038154602,"w":-0.21983325481414796},"size":3.0923657417297365,"orthographic":false}